--
-- PostgreSQL database dump
--

-- Dumped from database version 17.5
-- Dumped by pg_dump version 17.5

SET statement_timeout = 0;
SET lock_timeout = 0;
SET idle_in_transaction_session_timeout = 0;
SET transaction_timeout = 0;
SET client_encoding = 'UTF8';
SET standard_conforming_strings = on;
SELECT pg_catalog.set_config('search_path', '', false);
SET check_function_bodies = false;
SET xmloption = content;
SET client_min_messages = warning;
SET row_security = off;

SET default_tablespace = '';

SET default_table_access_method = heap;

--
-- Name: auth_group; Type: TABLE; Schema: public; Owner: postgres
--

CREATE TABLE public.auth_group (
    id integer NOT NULL,
    name character varying(150) NOT NULL
);


ALTER TABLE public.auth_group OWNER TO postgres;

--
-- Name: auth_group_id_seq; Type: SEQUENCE; Schema: public; Owner: postgres
--

ALTER TABLE public.auth_group ALTER COLUMN id ADD GENERATED BY DEFAULT AS IDENTITY (
    SEQUENCE NAME public.auth_group_id_seq
    START WITH 1
    INCREMENT BY 1
    NO MINVALUE
    NO MAXVALUE
    CACHE 1
);


--
-- Name: auth_group_permissions; Type: TABLE; Schema: public; Owner: postgres
--

CREATE TABLE public.auth_group_permissions (
    id bigint NOT NULL,
    group_id integer NOT NULL,
    permission_id integer NOT NULL
);


ALTER TABLE public.auth_group_permissions OWNER TO postgres;

--
-- Name: auth_group_permissions_id_seq; Type: SEQUENCE; Schema: public; Owner: postgres
--

ALTER TABLE public.auth_group_permissions ALTER COLUMN id ADD GENERATED BY DEFAULT AS IDENTITY (
    SEQUENCE NAME public.auth_group_permissions_id_seq
    START WITH 1
    INCREMENT BY 1
    NO MINVALUE
    NO MAXVALUE
    CACHE 1
);


--
-- Name: auth_permission; Type: TABLE; Schema: public; Owner: postgres
--

CREATE TABLE public.auth_permission (
    id integer NOT NULL,
    name character varying(255) NOT NULL,
    content_type_id integer NOT NULL,
    codename character varying(100) NOT NULL
);


ALTER TABLE public.auth_permission OWNER TO postgres;

--
-- Name: auth_permission_id_seq; Type: SEQUENCE; Schema: public; Owner: postgres
--

ALTER TABLE public.auth_permission ALTER COLUMN id ADD GENERATED BY DEFAULT AS IDENTITY (
    SEQUENCE NAME public.auth_permission_id_seq
    START WITH 1
    INCREMENT BY 1
    NO MINVALUE
    NO MAXVALUE
    CACHE 1
);


--
-- Name: cinema_actor; Type: TABLE; Schema: public; Owner: postgres
--

CREATE TABLE public.cinema_actor (
    id bigint NOT NULL,
    actor_name character varying(70) NOT NULL
);


ALTER TABLE public.cinema_actor OWNER TO postgres;

--
-- Name: cinema_actor_id_seq; Type: SEQUENCE; Schema: public; Owner: postgres
--

ALTER TABLE public.cinema_actor ALTER COLUMN id ADD GENERATED BY DEFAULT AS IDENTITY (
    SEQUENCE NAME public.cinema_actor_id_seq
    START WITH 1
    INCREMENT BY 1
    NO MINVALUE
    NO MAXVALUE
    CACHE 1
);


--
-- Name: cinema_booking; Type: TABLE; Schema: public; Owner: postgres
--

CREATE TABLE public.cinema_booking (
    id bigint NOT NULL,
    booked_at timestamp with time zone NOT NULL,
    status character varying(2) NOT NULL,
    user_id bigint NOT NULL,
    session_id bigint NOT NULL
);


ALTER TABLE public.cinema_booking OWNER TO postgres;

--
-- Name: cinema_booking_id_seq; Type: SEQUENCE; Schema: public; Owner: postgres
--

ALTER TABLE public.cinema_booking ALTER COLUMN id ADD GENERATED BY DEFAULT AS IDENTITY (
    SEQUENCE NAME public.cinema_booking_id_seq
    START WITH 1
    INCREMENT BY 1
    NO MINVALUE
    NO MAXVALUE
    CACHE 1
);


--
-- Name: cinema_director; Type: TABLE; Schema: public; Owner: postgres
--

CREATE TABLE public.cinema_director (
    id bigint NOT NULL,
    director_name character varying(70) NOT NULL
);


ALTER TABLE public.cinema_director OWNER TO postgres;

--
-- Name: cinema_director_id_seq; Type: SEQUENCE; Schema: public; Owner: postgres
--

ALTER TABLE public.cinema_director ALTER COLUMN id ADD GENERATED BY DEFAULT AS IDENTITY (
    SEQUENCE NAME public.cinema_director_id_seq
    START WITH 1
    INCREMENT BY 1
    NO MINVALUE
    NO MAXVALUE
    CACHE 1
);


--
-- Name: cinema_genre; Type: TABLE; Schema: public; Owner: postgres
--

CREATE TABLE public.cinema_genre (
    id bigint NOT NULL,
    genre_name character varying(30) NOT NULL
);


ALTER TABLE public.cinema_genre OWNER TO postgres;

--
-- Name: cinema_genre_id_seq; Type: SEQUENCE; Schema: public; Owner: postgres
--

ALTER TABLE public.cinema_genre ALTER COLUMN id ADD GENERATED BY DEFAULT AS IDENTITY (
    SEQUENCE NAME public.cinema_genre_id_seq
    START WITH 1
    INCREMENT BY 1
    NO MINVALUE
    NO MAXVALUE
    CACHE 1
);


--
-- Name: cinema_hall; Type: TABLE; Schema: public; Owner: postgres
--

CREATE TABLE public.cinema_hall (
    id bigint NOT NULL,
    hall_number integer NOT NULL,
    capacity integer NOT NULL,
    CONSTRAINT cinema_hall_capacity_check CHECK ((capacity >= 0)),
    CONSTRAINT cinema_hall_hall_number_check CHECK ((hall_number >= 0))
);


ALTER TABLE public.cinema_hall OWNER TO postgres;

--
-- Name: cinema_hall_id_seq; Type: SEQUENCE; Schema: public; Owner: postgres
--

ALTER TABLE public.cinema_hall ALTER COLUMN id ADD GENERATED BY DEFAULT AS IDENTITY (
    SEQUENCE NAME public.cinema_hall_id_seq
    START WITH 1
    INCREMENT BY 1
    NO MINVALUE
    NO MAXVALUE
    CACHE 1
);


--
-- Name: cinema_movie; Type: TABLE; Schema: public; Owner: postgres
--

CREATE TABLE public.cinema_movie (
    id bigint NOT NULL,
    title character varying(120) NOT NULL,
    original_title character varying(120) NOT NULL,
    slogan character varying(200) NOT NULL,
    description text NOT NULL,
    year integer NOT NULL,
    age_rate integer NOT NULL,
    language character varying(10) NOT NULL,
    duration_minutes integer NOT NULL,
    img_url character varying(200) NOT NULL,
    trailer_url character varying(300) NOT NULL,
    is_active boolean NOT NULL,
    country text NOT NULL,
    poster_url character varying(200),
    CONSTRAINT cinema_movie_age_rate_check CHECK ((age_rate >= 0)),
    CONSTRAINT cinema_movie_duration_minutes_check CHECK ((duration_minutes >= 0)),
    CONSTRAINT cinema_movie_year_check CHECK ((year >= 0))
);


ALTER TABLE public.cinema_movie OWNER TO postgres;

--
-- Name: cinema_movie_id_seq; Type: SEQUENCE; Schema: public; Owner: postgres
--

ALTER TABLE public.cinema_movie ALTER COLUMN id ADD GENERATED BY DEFAULT AS IDENTITY (
    SEQUENCE NAME public.cinema_movie_id_seq
    START WITH 1
    INCREMENT BY 1
    NO MINVALUE
    NO MAXVALUE
    CACHE 1
);


--
-- Name: cinema_movieactor; Type: TABLE; Schema: public; Owner: postgres
--

CREATE TABLE public.cinema_movieactor (
    id bigint NOT NULL,
    actor_id bigint NOT NULL,
    movie_id bigint NOT NULL
);


ALTER TABLE public.cinema_movieactor OWNER TO postgres;

--
-- Name: cinema_movieactor_id_seq; Type: SEQUENCE; Schema: public; Owner: postgres
--

ALTER TABLE public.cinema_movieactor ALTER COLUMN id ADD GENERATED BY DEFAULT AS IDENTITY (
    SEQUENCE NAME public.cinema_movieactor_id_seq
    START WITH 1
    INCREMENT BY 1
    NO MINVALUE
    NO MAXVALUE
    CACHE 1
);


--
-- Name: cinema_moviedirector; Type: TABLE; Schema: public; Owner: postgres
--

CREATE TABLE public.cinema_moviedirector (
    id bigint NOT NULL,
    director_id bigint NOT NULL,
    movie_id bigint NOT NULL
);


ALTER TABLE public.cinema_moviedirector OWNER TO postgres;

--
-- Name: cinema_moviedirector_id_seq; Type: SEQUENCE; Schema: public; Owner: postgres
--

ALTER TABLE public.cinema_moviedirector ALTER COLUMN id ADD GENERATED BY DEFAULT AS IDENTITY (
    SEQUENCE NAME public.cinema_moviedirector_id_seq
    START WITH 1
    INCREMENT BY 1
    NO MINVALUE
    NO MAXVALUE
    CACHE 1
);


--
-- Name: cinema_moviegenre; Type: TABLE; Schema: public; Owner: postgres
--

CREATE TABLE public.cinema_moviegenre (
    id bigint NOT NULL,
    genre_id bigint NOT NULL,
    movie_id bigint NOT NULL
);


ALTER TABLE public.cinema_moviegenre OWNER TO postgres;

--
-- Name: cinema_moviegenre_id_seq; Type: SEQUENCE; Schema: public; Owner: postgres
--

ALTER TABLE public.cinema_moviegenre ALTER COLUMN id ADD GENERATED BY DEFAULT AS IDENTITY (
    SEQUENCE NAME public.cinema_moviegenre_id_seq
    START WITH 1
    INCREMENT BY 1
    NO MINVALUE
    NO MAXVALUE
    CACHE 1
);


--
-- Name: cinema_session; Type: TABLE; Schema: public; Owner: postgres
--

CREATE TABLE public.cinema_session (
    id bigint NOT NULL,
    start_time timestamp with time zone NOT NULL,
    expire_time timestamp with time zone NOT NULL,
    price numeric(6,2) NOT NULL,
    hall_id bigint NOT NULL,
    movie_id bigint NOT NULL
);


ALTER TABLE public.cinema_session OWNER TO postgres;

--
-- Name: cinema_session_id_seq; Type: SEQUENCE; Schema: public; Owner: postgres
--

ALTER TABLE public.cinema_session ALTER COLUMN id ADD GENERATED BY DEFAULT AS IDENTITY (
    SEQUENCE NAME public.cinema_session_id_seq
    START WITH 1
    INCREMENT BY 1
    NO MINVALUE
    NO MAXVALUE
    CACHE 1
);


--
-- Name: cinema_user; Type: TABLE; Schema: public; Owner: postgres
--

CREATE TABLE public.cinema_user (
    id bigint NOT NULL,
    password character varying(128) NOT NULL,
    last_login timestamp with time zone,
    is_superuser boolean NOT NULL,
    username character varying(150) NOT NULL,
    first_name character varying(150) NOT NULL,
    last_name character varying(150) NOT NULL,
    email character varying(254) NOT NULL,
    is_staff boolean NOT NULL,
    is_active boolean NOT NULL,
    date_joined timestamp with time zone NOT NULL,
    role character varying(2) NOT NULL
);


ALTER TABLE public.cinema_user OWNER TO postgres;

--
-- Name: cinema_user_groups; Type: TABLE; Schema: public; Owner: postgres
--

CREATE TABLE public.cinema_user_groups (
    id bigint NOT NULL,
    user_id bigint NOT NULL,
    group_id integer NOT NULL
);


ALTER TABLE public.cinema_user_groups OWNER TO postgres;

--
-- Name: cinema_user_groups_id_seq; Type: SEQUENCE; Schema: public; Owner: postgres
--

ALTER TABLE public.cinema_user_groups ALTER COLUMN id ADD GENERATED BY DEFAULT AS IDENTITY (
    SEQUENCE NAME public.cinema_user_groups_id_seq
    START WITH 1
    INCREMENT BY 1
    NO MINVALUE
    NO MAXVALUE
    CACHE 1
);


--
-- Name: cinema_user_id_seq; Type: SEQUENCE; Schema: public; Owner: postgres
--

ALTER TABLE public.cinema_user ALTER COLUMN id ADD GENERATED BY DEFAULT AS IDENTITY (
    SEQUENCE NAME public.cinema_user_id_seq
    START WITH 1
    INCREMENT BY 1
    NO MINVALUE
    NO MAXVALUE
    CACHE 1
);


--
-- Name: cinema_user_user_permissions; Type: TABLE; Schema: public; Owner: postgres
--

CREATE TABLE public.cinema_user_user_permissions (
    id bigint NOT NULL,
    user_id bigint NOT NULL,
    permission_id integer NOT NULL
);


ALTER TABLE public.cinema_user_user_permissions OWNER TO postgres;

--
-- Name: cinema_user_user_permissions_id_seq; Type: SEQUENCE; Schema: public; Owner: postgres
--

ALTER TABLE public.cinema_user_user_permissions ALTER COLUMN id ADD GENERATED BY DEFAULT AS IDENTITY (
    SEQUENCE NAME public.cinema_user_user_permissions_id_seq
    START WITH 1
    INCREMENT BY 1
    NO MINVALUE
    NO MAXVALUE
    CACHE 1
);


--
-- Name: django_admin_log; Type: TABLE; Schema: public; Owner: postgres
--

CREATE TABLE public.django_admin_log (
    id integer NOT NULL,
    action_time timestamp with time zone NOT NULL,
    object_id text,
    object_repr character varying(200) NOT NULL,
    action_flag smallint NOT NULL,
    change_message text NOT NULL,
    content_type_id integer,
    user_id bigint NOT NULL,
    CONSTRAINT django_admin_log_action_flag_check CHECK ((action_flag >= 0))
);


ALTER TABLE public.django_admin_log OWNER TO postgres;

--
-- Name: django_admin_log_id_seq; Type: SEQUENCE; Schema: public; Owner: postgres
--

ALTER TABLE public.django_admin_log ALTER COLUMN id ADD GENERATED BY DEFAULT AS IDENTITY (
    SEQUENCE NAME public.django_admin_log_id_seq
    START WITH 1
    INCREMENT BY 1
    NO MINVALUE
    NO MAXVALUE
    CACHE 1
);


--
-- Name: django_content_type; Type: TABLE; Schema: public; Owner: postgres
--

CREATE TABLE public.django_content_type (
    id integer NOT NULL,
    app_label character varying(100) NOT NULL,
    model character varying(100) NOT NULL
);


ALTER TABLE public.django_content_type OWNER TO postgres;

--
-- Name: django_content_type_id_seq; Type: SEQUENCE; Schema: public; Owner: postgres
--

ALTER TABLE public.django_content_type ALTER COLUMN id ADD GENERATED BY DEFAULT AS IDENTITY (
    SEQUENCE NAME public.django_content_type_id_seq
    START WITH 1
    INCREMENT BY 1
    NO MINVALUE
    NO MAXVALUE
    CACHE 1
);


--
-- Name: django_migrations; Type: TABLE; Schema: public; Owner: postgres
--

CREATE TABLE public.django_migrations (
    id bigint NOT NULL,
    app character varying(255) NOT NULL,
    name character varying(255) NOT NULL,
    applied timestamp with time zone NOT NULL
);


ALTER TABLE public.django_migrations OWNER TO postgres;

--
-- Name: django_migrations_id_seq; Type: SEQUENCE; Schema: public; Owner: postgres
--

ALTER TABLE public.django_migrations ALTER COLUMN id ADD GENERATED BY DEFAULT AS IDENTITY (
    SEQUENCE NAME public.django_migrations_id_seq
    START WITH 1
    INCREMENT BY 1
    NO MINVALUE
    NO MAXVALUE
    CACHE 1
);


--
-- Name: django_session; Type: TABLE; Schema: public; Owner: postgres
--

CREATE TABLE public.django_session (
    session_key character varying(40) NOT NULL,
    session_data text NOT NULL,
    expire_date timestamp with time zone NOT NULL
);


ALTER TABLE public.django_session OWNER TO postgres;

--
-- Data for Name: auth_group; Type: TABLE DATA; Schema: public; Owner: postgres
--

COPY public.auth_group (id, name) FROM stdin;
\.


--
-- Data for Name: auth_group_permissions; Type: TABLE DATA; Schema: public; Owner: postgres
--

COPY public.auth_group_permissions (id, group_id, permission_id) FROM stdin;
\.


--
-- Data for Name: auth_permission; Type: TABLE DATA; Schema: public; Owner: postgres
--

COPY public.auth_permission (id, name, content_type_id, codename) FROM stdin;
1	Can add log entry	1	add_logentry
2	Can change log entry	1	change_logentry
3	Can delete log entry	1	delete_logentry
4	Can view log entry	1	view_logentry
5	Can add permission	2	add_permission
6	Can change permission	2	change_permission
7	Can delete permission	2	delete_permission
8	Can view permission	2	view_permission
9	Can add group	3	add_group
10	Can change group	3	change_group
11	Can delete group	3	delete_group
12	Can view group	3	view_group
13	Can add content type	4	add_contenttype
14	Can change content type	4	change_contenttype
15	Can delete content type	4	delete_contenttype
16	Can view content type	4	view_contenttype
17	Can add session	5	add_session
18	Can change session	5	change_session
19	Can delete session	5	delete_session
20	Can view session	5	view_session
21	Can add actor	6	add_actor
22	Can change actor	6	change_actor
23	Can delete actor	6	delete_actor
24	Can view actor	6	view_actor
25	Can add director	7	add_director
26	Can change director	7	change_director
27	Can delete director	7	delete_director
28	Can view director	7	view_director
29	Can add genre	8	add_genre
30	Can change genre	8	change_genre
31	Can delete genre	8	delete_genre
32	Can view genre	8	view_genre
33	Can add hall	9	add_hall
34	Can change hall	9	change_hall
35	Can delete hall	9	delete_hall
36	Can view hall	9	view_hall
37	Can add movie	10	add_movie
38	Can change movie	10	change_movie
39	Can delete movie	10	delete_movie
40	Can view movie	10	view_movie
41	Can add user	11	add_user
42	Can change user	11	change_user
43	Can delete user	11	delete_user
44	Can view user	11	view_user
45	Can add movie actor	12	add_movieactor
46	Can change movie actor	12	change_movieactor
47	Can delete movie actor	12	delete_movieactor
48	Can view movie actor	12	view_movieactor
49	Can add movie director	13	add_moviedirector
50	Can change movie director	13	change_moviedirector
51	Can delete movie director	13	delete_moviedirector
52	Can view movie director	13	view_moviedirector
53	Can add movie genre	14	add_moviegenre
54	Can change movie genre	14	change_moviegenre
55	Can delete movie genre	14	delete_moviegenre
56	Can view movie genre	14	view_moviegenre
57	Can add session	15	add_session
58	Can change session	15	change_session
59	Can delete session	15	delete_session
60	Can view session	15	view_session
61	Can add booking	16	add_booking
62	Can change booking	16	change_booking
63	Can delete booking	16	delete_booking
64	Can view booking	16	view_booking
\.


--
-- Data for Name: cinema_actor; Type: TABLE DATA; Schema: public; Owner: postgres
--

COPY public.cinema_actor (id, actor_name) FROM stdin;
1	Скарлетт Йоганссон
2	Джонатан Бейлі
3	Кріс Хемсворт
4	Наталі Портман
5	Мейсон Тємз
6	Ніко Паркер
\.


--
-- Data for Name: cinema_booking; Type: TABLE DATA; Schema: public; Owner: postgres
--

COPY public.cinema_booking (id, booked_at, status, user_id, session_id) FROM stdin;
1	2025-06-28 22:28:23.978971+03	BK	1	1
\.


--
-- Data for Name: cinema_director; Type: TABLE DATA; Schema: public; Owner: postgres
--

COPY public.cinema_director (id, director_name) FROM stdin;
1	Гарет Едвардс
2	Тайка Вайтіті
3	Дін Деблуа
\.


--
-- Data for Name: cinema_genre; Type: TABLE DATA; Schema: public; Owner: postgres
--

COPY public.cinema_genre (id, genre_name) FROM stdin;
1	Пригоди
2	Бойовик
3	Фантастика
\.


--
-- Data for Name: cinema_hall; Type: TABLE DATA; Schema: public; Owner: postgres
--

COPY public.cinema_hall (id, hall_number, capacity) FROM stdin;
1	1	3
\.


--
-- Data for Name: cinema_movie; Type: TABLE DATA; Schema: public; Owner: postgres
--

COPY public.cinema_movie (id, title, original_title, slogan, description, year, age_rate, language, duration_minutes, img_url, trailer_url, is_active, country, poster_url) FROM stdin;
10	Тор: Любов і Грім	Thor 2022	 	2022, США, бойовик/пригоди	2022	16	ENG	120	/img/movies/torf.png		t	США	/img/movies/posters/thor.png
12	Ліло і Стіч	Lilo	 	2025, США, пригоди	2025	12	ENG	120	/img/movies/lilo.png		t	США	/img/movies/posters/lilosnich.png
14	Як приборкати дракона	How to Train Your Dragon	«Навчися бачити у вогні дружбу».  	На суворому острові Туп, де вікінги й дракони віками ведуть запеклу боротьбу, народжується несподівана дружба. Гикавка - молодий винахідник і спадкоємець вождя племені - знаходить союзника у тому, кого все його життя вчили остерігатися: у нічній фурії на ім’я Беззубик. Чи зможе юний вікінг кинути виклик давнім традиціям та зупинити забуте зло, коли на обрії з’являється древня загроза для обох народів?	2025	0	Українська	125	/img/movies/HowToTrainYourDragon.png	https://www.youtube.com/embed/FNUZyuoh8SU?si=r4js-h9Teydb8-_n	t	США	/img/movies/posters/drakon.png
11	Люди Ікс: Темний Фенікс	X-Men	 	2019, США, фантастика	2019	16	ENG	120	/img/movies/x-men.png		t	США	\N
13	Довод	Dovod	 	2020, США, бойовик	2020	16	ENG	120	/img/movies/dovod.png		t	США	\N
9	Еліо	Elio	«Всесвіт набрав… неправильний номер»	11-річний Еліо, невдаха з багатою фантазією, випадково телепортується до Комуніверсу — міжпланетної організації, що об'єднує представників далеких галактик. Помилково призначений послом Землі і зовсім не готовий до такого тиску, Еліо має встановити нові зв'язки з ексцентричними інопланетянами, пройти низку серйозних випробувань та дізнатися, ким йому судилося бути насправді.	2025	0	Українська	99	/img/movies/elio.png	https://www.youtube.com/embed/t_lKIafWunA?si=6i6hVfn94p_89TW-	t	США	/img/movies/posters/elio1.png
16	Супермен	Supermen	Supermen	Новий «Супермен» — перший фільм оновленого кіновсесвіту DC під керівництвом Джеймса Ґанна.\n\nЦе історія про молодого Кларка Кента, який намагається збалансувати своє подвійне життя — журналіста та супергероя. Сповнений віри в добро людства, він стикається з наймогутнішим ворогом — Лексом Лютором (Ніколас Голт), який не зупиниться ні перед чим, щоб знищити символ надії. Фільм об’єднує масштабні екшн-сцени, гумор і душевність, відкриваючи нову еру легендарного героя.	2025	18	Українська	120	/img/movies/posters/supermen_xlg.png	https://www.youtube.com/embed/ALfxbq2RhXw?si=zFBeoqsgbbY4c-jf	t	USA	/img/movies/posters/supermen_xlg.png
\.


--
-- Data for Name: cinema_movieactor; Type: TABLE DATA; Schema: public; Owner: postgres
--

COPY public.cinema_movieactor (id, actor_id, movie_id) FROM stdin;
1	3	10
2	4	10
3	6	14
4	5	14
\.


--
-- Data for Name: cinema_moviedirector; Type: TABLE DATA; Schema: public; Owner: postgres
--

COPY public.cinema_moviedirector (id, director_id, movie_id) FROM stdin;
1	2	10
2	3	14
\.


--
-- Data for Name: cinema_moviegenre; Type: TABLE DATA; Schema: public; Owner: postgres
--

COPY public.cinema_moviegenre (id, genre_id, movie_id) FROM stdin;
1	1	9
2	1	10
3	2	10
4	3	11
5	1	12
6	2	13
\.


--
-- Data for Name: cinema_session; Type: TABLE DATA; Schema: public; Owner: postgres
--

COPY public.cinema_session (id, start_time, expire_time, price, hall_id, movie_id) FROM stdin;
1	2025-06-28 22:27:51+03	2025-06-30 22:27:53+03	125.00	1	10
\.


--
-- Data for Name: cinema_user; Type: TABLE DATA; Schema: public; Owner: postgres
--

COPY public.cinema_user (id, password, last_login, is_superuser, username, first_name, last_name, email, is_staff, is_active, date_joined, role) FROM stdin;
1	pbkdf2_sha256$1000000$IvLP5wmvXfd5zZGuEC9b58$5P4CqxsvzKEPB7hEQkYji0vIJbEP+UlGTJsK3iX4KoQ=	2025-06-25 12:51:42.798305+03	t	root			danilhlapov@gmail.com	t	t	2025-06-25 12:17:02.259011+03	US
2	pbkdf2_sha256$1000000$O54X7HzKbxKZ5B2VmTx2WR$SrA8C4pF0vAIs+1Kq/zLJIfBsdyJPQOakHE4a6h2Xis=	\N	f	testUser1	Igor	Sklyarov	user@gmail.com	f	t	2025-06-28 22:26:22.745868+03	US
3	pbkdf2_sha256$1000000$oRWjXoMWtYCyov5iPg3cNe$nmVWTxOKxI+gP62f1ET2C7vsnudW/oTPrN7eFTOm5NE=	2025-06-28 22:27:29.976898+03	t	admin				t	t	2025-06-28 22:27:13.300356+03	US
\.


--
-- Data for Name: cinema_user_groups; Type: TABLE DATA; Schema: public; Owner: postgres
--

COPY public.cinema_user_groups (id, user_id, group_id) FROM stdin;
\.


--
-- Data for Name: cinema_user_user_permissions; Type: TABLE DATA; Schema: public; Owner: postgres
--

COPY public.cinema_user_user_permissions (id, user_id, permission_id) FROM stdin;
\.


--
-- Data for Name: django_admin_log; Type: TABLE DATA; Schema: public; Owner: postgres
--

COPY public.django_admin_log (id, action_time, object_id, object_repr, action_flag, change_message, content_type_id, user_id) FROM stdin;
1	2025-06-28 22:27:42.013179+03	1	Hall 1	1	[{"added": {}}]	9	3
2	2025-06-28 22:27:56.001972+03	1	Тор: Любов і Грім at 2025-06-28 22:27:51+03:00	1	[{"added": {}}]	15	3
3	2025-06-29 12:16:45.922937+03	1	Скарлетт Йоганссон	1	[{"added": {}}]	6	3
4	2025-06-29 12:16:57.742844+03	2	Джонатан Бейлі	1	[{"added": {}}]	6	3
5	2025-06-29 12:17:20.482488+03	1	Гарет Едвардс	1	[{"added": {}}]	7	3
6	2025-06-29 12:18:56.436577+03	3	Кріс Хемсворт	1	[{"added": {}}]	6	3
7	2025-06-29 12:19:06.556415+03	4	Наталі Портман	1	[{"added": {}}]	6	3
8	2025-06-29 12:19:26.381377+03	2	Тайка Вайтіті	1	[{"added": {}}]	7	3
9	2025-06-29 12:19:38.581222+03	1	MovieDirector object (1)	1	[{"added": {}}]	13	3
10	2025-06-29 12:19:45.680362+03	1	MovieActor object (1)	1	[{"added": {}}]	12	3
11	2025-06-29 12:19:49.432854+03	2	MovieActor object (2)	1	[{"added": {}}]	12	3
12	2025-06-29 12:20:47.9633+03	5	Мейсон Тємз	1	[{"added": {}}]	6	3
13	2025-06-29 12:20:56.5597+03	6	Ніко Паркер	1	[{"added": {}}]	6	3
14	2025-06-29 12:21:23.396555+03	3	Дін Деблуа	1	[{"added": {}}]	7	3
15	2025-06-29 12:21:29.296073+03	2	MovieDirector object (2)	1	[{"added": {}}]	13	3
16	2025-06-29 12:21:35.534961+03	3	MovieActor object (3)	1	[{"added": {}}]	12	3
17	2025-06-29 12:21:42.785604+03	4	MovieActor object (4)	1	[{"added": {}}]	12	3
\.


--
-- Data for Name: django_content_type; Type: TABLE DATA; Schema: public; Owner: postgres
--

COPY public.django_content_type (id, app_label, model) FROM stdin;
1	admin	logentry
2	auth	permission
3	auth	group
4	contenttypes	contenttype
5	sessions	session
6	cinema	actor
7	cinema	director
8	cinema	genre
9	cinema	hall
10	cinema	movie
11	cinema	user
12	cinema	movieactor
13	cinema	moviedirector
14	cinema	moviegenre
15	cinema	session
16	cinema	booking
\.


--
-- Data for Name: django_migrations; Type: TABLE DATA; Schema: public; Owner: postgres
--

COPY public.django_migrations (id, app, name, applied) FROM stdin;
1	contenttypes	0001_initial	2025-06-25 12:15:45.448241+03
2	contenttypes	0002_remove_content_type_name	2025-06-25 12:15:45.473243+03
3	auth	0001_initial	2025-06-25 12:15:45.569756+03
4	auth	0002_alter_permission_name_max_length	2025-06-25 12:15:45.579257+03
5	auth	0003_alter_user_email_max_length	2025-06-25 12:15:45.60276+03
6	auth	0004_alter_user_username_opts	2025-06-25 12:15:45.612261+03
7	auth	0005_alter_user_last_login_null	2025-06-25 12:15:45.622263+03
8	auth	0006_require_contenttypes_0002	2025-06-25 12:15:45.624763+03
9	auth	0007_alter_validators_add_error_messages	2025-06-25 12:15:45.635264+03
10	auth	0008_alter_user_username_max_length	2025-06-25 12:15:45.645765+03
11	auth	0009_alter_user_last_name_max_length	2025-06-25 12:15:45.655766+03
12	auth	0010_alter_group_name_max_length	2025-06-25 12:15:45.669769+03
13	auth	0011_update_proxy_permissions	2025-06-25 12:15:45.682771+03
14	auth	0012_alter_user_first_name_max_length	2025-06-25 12:15:45.704273+03
15	cinema	0001_initial	2025-06-25 12:15:46.027813+03
16	admin	0001_initial	2025-06-25 12:15:46.122825+03
17	admin	0002_logentry_remove_auto_add	2025-06-25 12:15:46.15633+03
18	admin	0003_logentry_add_action_flag_choices	2025-06-25 12:15:46.173332+03
19	sessions	0001_initial	2025-06-25 12:15:46.194335+03
20	cinema	0002_movie_country	2025-06-27 10:15:56.109885+03
21	cinema	0003_movie_poster_url	2025-06-28 17:22:10.743151+03
\.


--
-- Data for Name: django_session; Type: TABLE DATA; Schema: public; Owner: postgres
--

COPY public.django_session (session_key, session_data, expire_date) FROM stdin;
eayytgy1rz3ulg79t8o78i4ugjvor487	.eJxVjMsOwiAQRf-FtSG8cVy67zcQBgapGkhKuzL-uzbpQrf3nHNfLMRtrWEbtIQ5swuT7PS7YUwPajvI99hunafe1mVGviv8oINPPdPzerh_BzWO-q21V2StTBKKUwVsVGhRGYNFQDaehAYtnNDn7JHQeAVGgSUB3oHzlNn7A79gNss:1uUMn8:Fj8zpbkxwQGWRjlfn0rEsiatWn5ZILREB_W3Pk-YeP8	2025-07-09 12:51:42.810817+03
w8luz2owrlc4z8yb4d69gw4vgmyyvkrj	.eJxVjEEOwiAQRe_C2hDoUCku3fcMzTAzSNVAUtqV8e7apAvd_vfef6kJtzVPW5NlmlldFKjT7xaRHlJ2wHcst6qplnWZo94VfdCmx8ryvB7u30HGlr81egKTnHUekK3rxZPpA6PFLgwxMgnjABE9uMRCHs9EnbEskDxIYPX-AP2zORQ:1uVbCz:KzmtPYJV5ivfvBf1zofEQJMv8mXu8PUKDt76RlRo6Ds	2025-07-12 22:27:29.977899+03
\.


--
-- Name: auth_group_id_seq; Type: SEQUENCE SET; Schema: public; Owner: postgres
--

SELECT pg_catalog.setval('public.auth_group_id_seq', 1, false);


--
-- Name: auth_group_permissions_id_seq; Type: SEQUENCE SET; Schema: public; Owner: postgres
--

SELECT pg_catalog.setval('public.auth_group_permissions_id_seq', 1, false);


--
-- Name: auth_permission_id_seq; Type: SEQUENCE SET; Schema: public; Owner: postgres
--

SELECT pg_catalog.setval('public.auth_permission_id_seq', 64, true);


--
-- Name: cinema_actor_id_seq; Type: SEQUENCE SET; Schema: public; Owner: postgres
--

SELECT pg_catalog.setval('public.cinema_actor_id_seq', 6, true);


--
-- Name: cinema_booking_id_seq; Type: SEQUENCE SET; Schema: public; Owner: postgres
--

SELECT pg_catalog.setval('public.cinema_booking_id_seq', 1, true);


--
-- Name: cinema_director_id_seq; Type: SEQUENCE SET; Schema: public; Owner: postgres
--

SELECT pg_catalog.setval('public.cinema_director_id_seq', 3, true);


--
-- Name: cinema_genre_id_seq; Type: SEQUENCE SET; Schema: public; Owner: postgres
--

SELECT pg_catalog.setval('public.cinema_genre_id_seq', 3, true);


--
-- Name: cinema_hall_id_seq; Type: SEQUENCE SET; Schema: public; Owner: postgres
--

SELECT pg_catalog.setval('public.cinema_hall_id_seq', 1, true);


--
-- Name: cinema_movie_id_seq; Type: SEQUENCE SET; Schema: public; Owner: postgres
--

SELECT pg_catalog.setval('public.cinema_movie_id_seq', 16, true);


--
-- Name: cinema_movieactor_id_seq; Type: SEQUENCE SET; Schema: public; Owner: postgres
--

SELECT pg_catalog.setval('public.cinema_movieactor_id_seq', 4, true);


--
-- Name: cinema_moviedirector_id_seq; Type: SEQUENCE SET; Schema: public; Owner: postgres
--

SELECT pg_catalog.setval('public.cinema_moviedirector_id_seq', 2, true);


--
-- Name: cinema_moviegenre_id_seq; Type: SEQUENCE SET; Schema: public; Owner: postgres
--

SELECT pg_catalog.setval('public.cinema_moviegenre_id_seq', 6, true);


--
-- Name: cinema_session_id_seq; Type: SEQUENCE SET; Schema: public; Owner: postgres
--

SELECT pg_catalog.setval('public.cinema_session_id_seq', 1, true);


--
-- Name: cinema_user_groups_id_seq; Type: SEQUENCE SET; Schema: public; Owner: postgres
--

SELECT pg_catalog.setval('public.cinema_user_groups_id_seq', 1, false);


--
-- Name: cinema_user_id_seq; Type: SEQUENCE SET; Schema: public; Owner: postgres
--

SELECT pg_catalog.setval('public.cinema_user_id_seq', 3, true);


--
-- Name: cinema_user_user_permissions_id_seq; Type: SEQUENCE SET; Schema: public; Owner: postgres
--

SELECT pg_catalog.setval('public.cinema_user_user_permissions_id_seq', 1, false);


--
-- Name: django_admin_log_id_seq; Type: SEQUENCE SET; Schema: public; Owner: postgres
--

SELECT pg_catalog.setval('public.django_admin_log_id_seq', 17, true);


--
-- Name: django_content_type_id_seq; Type: SEQUENCE SET; Schema: public; Owner: postgres
--

SELECT pg_catalog.setval('public.django_content_type_id_seq', 16, true);


--
-- Name: django_migrations_id_seq; Type: SEQUENCE SET; Schema: public; Owner: postgres
--

SELECT pg_catalog.setval('public.django_migrations_id_seq', 21, true);


--
-- Name: auth_group auth_group_name_key; Type: CONSTRAINT; Schema: public; Owner: postgres
--

ALTER TABLE ONLY public.auth_group
    ADD CONSTRAINT auth_group_name_key UNIQUE (name);


--
-- Name: auth_group_permissions auth_group_permissions_group_id_permission_id_0cd325b0_uniq; Type: CONSTRAINT; Schema: public; Owner: postgres
--

ALTER TABLE ONLY public.auth_group_permissions
    ADD CONSTRAINT auth_group_permissions_group_id_permission_id_0cd325b0_uniq UNIQUE (group_id, permission_id);


--
-- Name: auth_group_permissions auth_group_permissions_pkey; Type: CONSTRAINT; Schema: public; Owner: postgres
--

ALTER TABLE ONLY public.auth_group_permissions
    ADD CONSTRAINT auth_group_permissions_pkey PRIMARY KEY (id);


--
-- Name: auth_group auth_group_pkey; Type: CONSTRAINT; Schema: public; Owner: postgres
--

ALTER TABLE ONLY public.auth_group
    ADD CONSTRAINT auth_group_pkey PRIMARY KEY (id);


--
-- Name: auth_permission auth_permission_content_type_id_codename_01ab375a_uniq; Type: CONSTRAINT; Schema: public; Owner: postgres
--

ALTER TABLE ONLY public.auth_permission
    ADD CONSTRAINT auth_permission_content_type_id_codename_01ab375a_uniq UNIQUE (content_type_id, codename);


--
-- Name: auth_permission auth_permission_pkey; Type: CONSTRAINT; Schema: public; Owner: postgres
--

ALTER TABLE ONLY public.auth_permission
    ADD CONSTRAINT auth_permission_pkey PRIMARY KEY (id);


--
-- Name: cinema_actor cinema_actor_actor_name_key; Type: CONSTRAINT; Schema: public; Owner: postgres
--

ALTER TABLE ONLY public.cinema_actor
    ADD CONSTRAINT cinema_actor_actor_name_key UNIQUE (actor_name);


--
-- Name: cinema_actor cinema_actor_pkey; Type: CONSTRAINT; Schema: public; Owner: postgres
--

ALTER TABLE ONLY public.cinema_actor
    ADD CONSTRAINT cinema_actor_pkey PRIMARY KEY (id);


--
-- Name: cinema_booking cinema_booking_pkey; Type: CONSTRAINT; Schema: public; Owner: postgres
--

ALTER TABLE ONLY public.cinema_booking
    ADD CONSTRAINT cinema_booking_pkey PRIMARY KEY (id);


--
-- Name: cinema_director cinema_director_director_name_key; Type: CONSTRAINT; Schema: public; Owner: postgres
--

ALTER TABLE ONLY public.cinema_director
    ADD CONSTRAINT cinema_director_director_name_key UNIQUE (director_name);


--
-- Name: cinema_director cinema_director_pkey; Type: CONSTRAINT; Schema: public; Owner: postgres
--

ALTER TABLE ONLY public.cinema_director
    ADD CONSTRAINT cinema_director_pkey PRIMARY KEY (id);


--
-- Name: cinema_genre cinema_genre_genre_name_key; Type: CONSTRAINT; Schema: public; Owner: postgres
--

ALTER TABLE ONLY public.cinema_genre
    ADD CONSTRAINT cinema_genre_genre_name_key UNIQUE (genre_name);


--
-- Name: cinema_genre cinema_genre_pkey; Type: CONSTRAINT; Schema: public; Owner: postgres
--

ALTER TABLE ONLY public.cinema_genre
    ADD CONSTRAINT cinema_genre_pkey PRIMARY KEY (id);


--
-- Name: cinema_hall cinema_hall_hall_number_key; Type: CONSTRAINT; Schema: public; Owner: postgres
--

ALTER TABLE ONLY public.cinema_hall
    ADD CONSTRAINT cinema_hall_hall_number_key UNIQUE (hall_number);


--
-- Name: cinema_hall cinema_hall_pkey; Type: CONSTRAINT; Schema: public; Owner: postgres
--

ALTER TABLE ONLY public.cinema_hall
    ADD CONSTRAINT cinema_hall_pkey PRIMARY KEY (id);


--
-- Name: cinema_movie cinema_movie_pkey; Type: CONSTRAINT; Schema: public; Owner: postgres
--

ALTER TABLE ONLY public.cinema_movie
    ADD CONSTRAINT cinema_movie_pkey PRIMARY KEY (id);


--
-- Name: cinema_movieactor cinema_movieactor_movie_id_actor_id_25776af0_uniq; Type: CONSTRAINT; Schema: public; Owner: postgres
--

ALTER TABLE ONLY public.cinema_movieactor
    ADD CONSTRAINT cinema_movieactor_movie_id_actor_id_25776af0_uniq UNIQUE (movie_id, actor_id);


--
-- Name: cinema_movieactor cinema_movieactor_pkey; Type: CONSTRAINT; Schema: public; Owner: postgres
--

ALTER TABLE ONLY public.cinema_movieactor
    ADD CONSTRAINT cinema_movieactor_pkey PRIMARY KEY (id);


--
-- Name: cinema_moviedirector cinema_moviedirector_movie_id_director_id_2cbe1752_uniq; Type: CONSTRAINT; Schema: public; Owner: postgres
--

ALTER TABLE ONLY public.cinema_moviedirector
    ADD CONSTRAINT cinema_moviedirector_movie_id_director_id_2cbe1752_uniq UNIQUE (movie_id, director_id);


--
-- Name: cinema_moviedirector cinema_moviedirector_pkey; Type: CONSTRAINT; Schema: public; Owner: postgres
--

ALTER TABLE ONLY public.cinema_moviedirector
    ADD CONSTRAINT cinema_moviedirector_pkey PRIMARY KEY (id);


--
-- Name: cinema_moviegenre cinema_moviegenre_movie_id_genre_id_f1951e0e_uniq; Type: CONSTRAINT; Schema: public; Owner: postgres
--

ALTER TABLE ONLY public.cinema_moviegenre
    ADD CONSTRAINT cinema_moviegenre_movie_id_genre_id_f1951e0e_uniq UNIQUE (movie_id, genre_id);


--
-- Name: cinema_moviegenre cinema_moviegenre_pkey; Type: CONSTRAINT; Schema: public; Owner: postgres
--

ALTER TABLE ONLY public.cinema_moviegenre
    ADD CONSTRAINT cinema_moviegenre_pkey PRIMARY KEY (id);


--
-- Name: cinema_session cinema_session_pkey; Type: CONSTRAINT; Schema: public; Owner: postgres
--

ALTER TABLE ONLY public.cinema_session
    ADD CONSTRAINT cinema_session_pkey PRIMARY KEY (id);


--
-- Name: cinema_user_groups cinema_user_groups_pkey; Type: CONSTRAINT; Schema: public; Owner: postgres
--

ALTER TABLE ONLY public.cinema_user_groups
    ADD CONSTRAINT cinema_user_groups_pkey PRIMARY KEY (id);


--
-- Name: cinema_user_groups cinema_user_groups_user_id_group_id_2667f1df_uniq; Type: CONSTRAINT; Schema: public; Owner: postgres
--

ALTER TABLE ONLY public.cinema_user_groups
    ADD CONSTRAINT cinema_user_groups_user_id_group_id_2667f1df_uniq UNIQUE (user_id, group_id);


--
-- Name: cinema_user cinema_user_pkey; Type: CONSTRAINT; Schema: public; Owner: postgres
--

ALTER TABLE ONLY public.cinema_user
    ADD CONSTRAINT cinema_user_pkey PRIMARY KEY (id);


--
-- Name: cinema_user_user_permissions cinema_user_user_permiss_user_id_permission_id_dc18b46f_uniq; Type: CONSTRAINT; Schema: public; Owner: postgres
--

ALTER TABLE ONLY public.cinema_user_user_permissions
    ADD CONSTRAINT cinema_user_user_permiss_user_id_permission_id_dc18b46f_uniq UNIQUE (user_id, permission_id);


--
-- Name: cinema_user_user_permissions cinema_user_user_permissions_pkey; Type: CONSTRAINT; Schema: public; Owner: postgres
--

ALTER TABLE ONLY public.cinema_user_user_permissions
    ADD CONSTRAINT cinema_user_user_permissions_pkey PRIMARY KEY (id);


--
-- Name: cinema_user cinema_user_username_key; Type: CONSTRAINT; Schema: public; Owner: postgres
--

ALTER TABLE ONLY public.cinema_user
    ADD CONSTRAINT cinema_user_username_key UNIQUE (username);


--
-- Name: django_admin_log django_admin_log_pkey; Type: CONSTRAINT; Schema: public; Owner: postgres
--

ALTER TABLE ONLY public.django_admin_log
    ADD CONSTRAINT django_admin_log_pkey PRIMARY KEY (id);


--
-- Name: django_content_type django_content_type_app_label_model_76bd3d3b_uniq; Type: CONSTRAINT; Schema: public; Owner: postgres
--

ALTER TABLE ONLY public.django_content_type
    ADD CONSTRAINT django_content_type_app_label_model_76bd3d3b_uniq UNIQUE (app_label, model);


--
-- Name: django_content_type django_content_type_pkey; Type: CONSTRAINT; Schema: public; Owner: postgres
--

ALTER TABLE ONLY public.django_content_type
    ADD CONSTRAINT django_content_type_pkey PRIMARY KEY (id);


--
-- Name: django_migrations django_migrations_pkey; Type: CONSTRAINT; Schema: public; Owner: postgres
--

ALTER TABLE ONLY public.django_migrations
    ADD CONSTRAINT django_migrations_pkey PRIMARY KEY (id);


--
-- Name: django_session django_session_pkey; Type: CONSTRAINT; Schema: public; Owner: postgres
--

ALTER TABLE ONLY public.django_session
    ADD CONSTRAINT django_session_pkey PRIMARY KEY (session_key);


--
-- Name: auth_group_name_a6ea08ec_like; Type: INDEX; Schema: public; Owner: postgres
--

CREATE INDEX auth_group_name_a6ea08ec_like ON public.auth_group USING btree (name varchar_pattern_ops);


--
-- Name: auth_group_permissions_group_id_b120cbf9; Type: INDEX; Schema: public; Owner: postgres
--

CREATE INDEX auth_group_permissions_group_id_b120cbf9 ON public.auth_group_permissions USING btree (group_id);


--
-- Name: auth_group_permissions_permission_id_84c5c92e; Type: INDEX; Schema: public; Owner: postgres
--

CREATE INDEX auth_group_permissions_permission_id_84c5c92e ON public.auth_group_permissions USING btree (permission_id);


--
-- Name: auth_permission_content_type_id_2f476e4b; Type: INDEX; Schema: public; Owner: postgres
--

CREATE INDEX auth_permission_content_type_id_2f476e4b ON public.auth_permission USING btree (content_type_id);


--
-- Name: cinema_actor_actor_name_524faf3d_like; Type: INDEX; Schema: public; Owner: postgres
--

CREATE INDEX cinema_actor_actor_name_524faf3d_like ON public.cinema_actor USING btree (actor_name varchar_pattern_ops);


--
-- Name: cinema_booking_session_id_4ae981db; Type: INDEX; Schema: public; Owner: postgres
--

CREATE INDEX cinema_booking_session_id_4ae981db ON public.cinema_booking USING btree (session_id);


--
-- Name: cinema_booking_user_id_9503550d; Type: INDEX; Schema: public; Owner: postgres
--

CREATE INDEX cinema_booking_user_id_9503550d ON public.cinema_booking USING btree (user_id);


--
-- Name: cinema_director_director_name_4c468143_like; Type: INDEX; Schema: public; Owner: postgres
--

CREATE INDEX cinema_director_director_name_4c468143_like ON public.cinema_director USING btree (director_name varchar_pattern_ops);


--
-- Name: cinema_genre_genre_name_17859289_like; Type: INDEX; Schema: public; Owner: postgres
--

CREATE INDEX cinema_genre_genre_name_17859289_like ON public.cinema_genre USING btree (genre_name varchar_pattern_ops);


--
-- Name: cinema_movieactor_actor_id_13d6354f; Type: INDEX; Schema: public; Owner: postgres
--

CREATE INDEX cinema_movieactor_actor_id_13d6354f ON public.cinema_movieactor USING btree (actor_id);


--
-- Name: cinema_movieactor_movie_id_696fb1e7; Type: INDEX; Schema: public; Owner: postgres
--

CREATE INDEX cinema_movieactor_movie_id_696fb1e7 ON public.cinema_movieactor USING btree (movie_id);


--
-- Name: cinema_moviedirector_director_id_808e9024; Type: INDEX; Schema: public; Owner: postgres
--

CREATE INDEX cinema_moviedirector_director_id_808e9024 ON public.cinema_moviedirector USING btree (director_id);


--
-- Name: cinema_moviedirector_movie_id_ee73abd8; Type: INDEX; Schema: public; Owner: postgres
--

CREATE INDEX cinema_moviedirector_movie_id_ee73abd8 ON public.cinema_moviedirector USING btree (movie_id);


--
-- Name: cinema_moviegenre_genre_id_fc6fc329; Type: INDEX; Schema: public; Owner: postgres
--

CREATE INDEX cinema_moviegenre_genre_id_fc6fc329 ON public.cinema_moviegenre USING btree (genre_id);


--
-- Name: cinema_moviegenre_movie_id_29aafbfd; Type: INDEX; Schema: public; Owner: postgres
--

CREATE INDEX cinema_moviegenre_movie_id_29aafbfd ON public.cinema_moviegenre USING btree (movie_id);


--
-- Name: cinema_session_hall_id_128d51db; Type: INDEX; Schema: public; Owner: postgres
--

CREATE INDEX cinema_session_hall_id_128d51db ON public.cinema_session USING btree (hall_id);


--
-- Name: cinema_session_movie_id_6d1b4552; Type: INDEX; Schema: public; Owner: postgres
--

CREATE INDEX cinema_session_movie_id_6d1b4552 ON public.cinema_session USING btree (movie_id);


--
-- Name: cinema_user_groups_group_id_351f0374; Type: INDEX; Schema: public; Owner: postgres
--

CREATE INDEX cinema_user_groups_group_id_351f0374 ON public.cinema_user_groups USING btree (group_id);


--
-- Name: cinema_user_groups_user_id_813a705a; Type: INDEX; Schema: public; Owner: postgres
--

CREATE INDEX cinema_user_groups_user_id_813a705a ON public.cinema_user_groups USING btree (user_id);


--
-- Name: cinema_user_user_permissions_permission_id_44d2e5cf; Type: INDEX; Schema: public; Owner: postgres
--

CREATE INDEX cinema_user_user_permissions_permission_id_44d2e5cf ON public.cinema_user_user_permissions USING btree (permission_id);


--
-- Name: cinema_user_user_permissions_user_id_9d45bbfe; Type: INDEX; Schema: public; Owner: postgres
--

CREATE INDEX cinema_user_user_permissions_user_id_9d45bbfe ON public.cinema_user_user_permissions USING btree (user_id);


--
-- Name: cinema_user_username_b2d5df89_like; Type: INDEX; Schema: public; Owner: postgres
--

CREATE INDEX cinema_user_username_b2d5df89_like ON public.cinema_user USING btree (username varchar_pattern_ops);


--
-- Name: django_admin_log_content_type_id_c4bce8eb; Type: INDEX; Schema: public; Owner: postgres
--

CREATE INDEX django_admin_log_content_type_id_c4bce8eb ON public.django_admin_log USING btree (content_type_id);


--
-- Name: django_admin_log_user_id_c564eba6; Type: INDEX; Schema: public; Owner: postgres
--

CREATE INDEX django_admin_log_user_id_c564eba6 ON public.django_admin_log USING btree (user_id);


--
-- Name: django_session_expire_date_a5c62663; Type: INDEX; Schema: public; Owner: postgres
--

CREATE INDEX django_session_expire_date_a5c62663 ON public.django_session USING btree (expire_date);


--
-- Name: django_session_session_key_c0390e0f_like; Type: INDEX; Schema: public; Owner: postgres
--

CREATE INDEX django_session_session_key_c0390e0f_like ON public.django_session USING btree (session_key varchar_pattern_ops);


--
-- Name: auth_group_permissions auth_group_permissio_permission_id_84c5c92e_fk_auth_perm; Type: FK CONSTRAINT; Schema: public; Owner: postgres
--

ALTER TABLE ONLY public.auth_group_permissions
    ADD CONSTRAINT auth_group_permissio_permission_id_84c5c92e_fk_auth_perm FOREIGN KEY (permission_id) REFERENCES public.auth_permission(id) DEFERRABLE INITIALLY DEFERRED;


--
-- Name: auth_group_permissions auth_group_permissions_group_id_b120cbf9_fk_auth_group_id; Type: FK CONSTRAINT; Schema: public; Owner: postgres
--

ALTER TABLE ONLY public.auth_group_permissions
    ADD CONSTRAINT auth_group_permissions_group_id_b120cbf9_fk_auth_group_id FOREIGN KEY (group_id) REFERENCES public.auth_group(id) DEFERRABLE INITIALLY DEFERRED;


--
-- Name: auth_permission auth_permission_content_type_id_2f476e4b_fk_django_co; Type: FK CONSTRAINT; Schema: public; Owner: postgres
--

ALTER TABLE ONLY public.auth_permission
    ADD CONSTRAINT auth_permission_content_type_id_2f476e4b_fk_django_co FOREIGN KEY (content_type_id) REFERENCES public.django_content_type(id) DEFERRABLE INITIALLY DEFERRED;


--
-- Name: cinema_booking cinema_booking_session_id_4ae981db_fk_cinema_session_id; Type: FK CONSTRAINT; Schema: public; Owner: postgres
--

ALTER TABLE ONLY public.cinema_booking
    ADD CONSTRAINT cinema_booking_session_id_4ae981db_fk_cinema_session_id FOREIGN KEY (session_id) REFERENCES public.cinema_session(id) DEFERRABLE INITIALLY DEFERRED;


--
-- Name: cinema_booking cinema_booking_user_id_9503550d_fk_cinema_user_id; Type: FK CONSTRAINT; Schema: public; Owner: postgres
--

ALTER TABLE ONLY public.cinema_booking
    ADD CONSTRAINT cinema_booking_user_id_9503550d_fk_cinema_user_id FOREIGN KEY (user_id) REFERENCES public.cinema_user(id) DEFERRABLE INITIALLY DEFERRED;


--
-- Name: cinema_movieactor cinema_movieactor_actor_id_13d6354f_fk_cinema_actor_id; Type: FK CONSTRAINT; Schema: public; Owner: postgres
--

ALTER TABLE ONLY public.cinema_movieactor
    ADD CONSTRAINT cinema_movieactor_actor_id_13d6354f_fk_cinema_actor_id FOREIGN KEY (actor_id) REFERENCES public.cinema_actor(id) DEFERRABLE INITIALLY DEFERRED;


--
-- Name: cinema_movieactor cinema_movieactor_movie_id_696fb1e7_fk_cinema_movie_id; Type: FK CONSTRAINT; Schema: public; Owner: postgres
--

ALTER TABLE ONLY public.cinema_movieactor
    ADD CONSTRAINT cinema_movieactor_movie_id_696fb1e7_fk_cinema_movie_id FOREIGN KEY (movie_id) REFERENCES public.cinema_movie(id) DEFERRABLE INITIALLY DEFERRED;


--
-- Name: cinema_moviedirector cinema_moviedirector_director_id_808e9024_fk_cinema_director_id; Type: FK CONSTRAINT; Schema: public; Owner: postgres
--

ALTER TABLE ONLY public.cinema_moviedirector
    ADD CONSTRAINT cinema_moviedirector_director_id_808e9024_fk_cinema_director_id FOREIGN KEY (director_id) REFERENCES public.cinema_director(id) DEFERRABLE INITIALLY DEFERRED;


--
-- Name: cinema_moviedirector cinema_moviedirector_movie_id_ee73abd8_fk_cinema_movie_id; Type: FK CONSTRAINT; Schema: public; Owner: postgres
--

ALTER TABLE ONLY public.cinema_moviedirector
    ADD CONSTRAINT cinema_moviedirector_movie_id_ee73abd8_fk_cinema_movie_id FOREIGN KEY (movie_id) REFERENCES public.cinema_movie(id) DEFERRABLE INITIALLY DEFERRED;


--
-- Name: cinema_moviegenre cinema_moviegenre_genre_id_fc6fc329_fk_cinema_genre_id; Type: FK CONSTRAINT; Schema: public; Owner: postgres
--

ALTER TABLE ONLY public.cinema_moviegenre
    ADD CONSTRAINT cinema_moviegenre_genre_id_fc6fc329_fk_cinema_genre_id FOREIGN KEY (genre_id) REFERENCES public.cinema_genre(id) DEFERRABLE INITIALLY DEFERRED;


--
-- Name: cinema_moviegenre cinema_moviegenre_movie_id_29aafbfd_fk_cinema_movie_id; Type: FK CONSTRAINT; Schema: public; Owner: postgres
--

ALTER TABLE ONLY public.cinema_moviegenre
    ADD CONSTRAINT cinema_moviegenre_movie_id_29aafbfd_fk_cinema_movie_id FOREIGN KEY (movie_id) REFERENCES public.cinema_movie(id) DEFERRABLE INITIALLY DEFERRED;


--
-- Name: cinema_session cinema_session_hall_id_128d51db_fk_cinema_hall_id; Type: FK CONSTRAINT; Schema: public; Owner: postgres
--

ALTER TABLE ONLY public.cinema_session
    ADD CONSTRAINT cinema_session_hall_id_128d51db_fk_cinema_hall_id FOREIGN KEY (hall_id) REFERENCES public.cinema_hall(id) DEFERRABLE INITIALLY DEFERRED;


--
-- Name: cinema_session cinema_session_movie_id_6d1b4552_fk_cinema_movie_id; Type: FK CONSTRAINT; Schema: public; Owner: postgres
--

ALTER TABLE ONLY public.cinema_session
    ADD CONSTRAINT cinema_session_movie_id_6d1b4552_fk_cinema_movie_id FOREIGN KEY (movie_id) REFERENCES public.cinema_movie(id) DEFERRABLE INITIALLY DEFERRED;


--
-- Name: cinema_user_groups cinema_user_groups_group_id_351f0374_fk_auth_group_id; Type: FK CONSTRAINT; Schema: public; Owner: postgres
--

ALTER TABLE ONLY public.cinema_user_groups
    ADD CONSTRAINT cinema_user_groups_group_id_351f0374_fk_auth_group_id FOREIGN KEY (group_id) REFERENCES public.auth_group(id) DEFERRABLE INITIALLY DEFERRED;


--
-- Name: cinema_user_groups cinema_user_groups_user_id_813a705a_fk_cinema_user_id; Type: FK CONSTRAINT; Schema: public; Owner: postgres
--

ALTER TABLE ONLY public.cinema_user_groups
    ADD CONSTRAINT cinema_user_groups_user_id_813a705a_fk_cinema_user_id FOREIGN KEY (user_id) REFERENCES public.cinema_user(id) DEFERRABLE INITIALLY DEFERRED;


--
-- Name: cinema_user_user_permissions cinema_user_user_per_permission_id_44d2e5cf_fk_auth_perm; Type: FK CONSTRAINT; Schema: public; Owner: postgres
--

ALTER TABLE ONLY public.cinema_user_user_permissions
    ADD CONSTRAINT cinema_user_user_per_permission_id_44d2e5cf_fk_auth_perm FOREIGN KEY (permission_id) REFERENCES public.auth_permission(id) DEFERRABLE INITIALLY DEFERRED;


--
-- Name: cinema_user_user_permissions cinema_user_user_permissions_user_id_9d45bbfe_fk_cinema_user_id; Type: FK CONSTRAINT; Schema: public; Owner: postgres
--

ALTER TABLE ONLY public.cinema_user_user_permissions
    ADD CONSTRAINT cinema_user_user_permissions_user_id_9d45bbfe_fk_cinema_user_id FOREIGN KEY (user_id) REFERENCES public.cinema_user(id) DEFERRABLE INITIALLY DEFERRED;


--
-- Name: django_admin_log django_admin_log_content_type_id_c4bce8eb_fk_django_co; Type: FK CONSTRAINT; Schema: public; Owner: postgres
--

ALTER TABLE ONLY public.django_admin_log
    ADD CONSTRAINT django_admin_log_content_type_id_c4bce8eb_fk_django_co FOREIGN KEY (content_type_id) REFERENCES public.django_content_type(id) DEFERRABLE INITIALLY DEFERRED;


--
-- Name: django_admin_log django_admin_log_user_id_c564eba6_fk_cinema_user_id; Type: FK CONSTRAINT; Schema: public; Owner: postgres
--

ALTER TABLE ONLY public.django_admin_log
    ADD CONSTRAINT django_admin_log_user_id_c564eba6_fk_cinema_user_id FOREIGN KEY (user_id) REFERENCES public.cinema_user(id) DEFERRABLE INITIALLY DEFERRED;


--
-- PostgreSQL database dump complete
--

